Name,X (km),Y (km),Z (km)
DSS 24,6132.732566,5437.728124,3689.829568
DSS 34,5505.389605,6058.278337,-3694.999427
DSS 54,4864.017169,6370.239083,4136.510119
WPSA,6290.419855,5112.81574,3920.380631